{
  "version": 1,
  "author": "Shashwat Shukla",
  "editor": "wokwi",
  "parts": [
    { "type": "board-esp32-devkit-c-v4", "id": "esp", "top": 9.6, "left": -14.36, "attrs": {} },
    {
      "type": "board-ssd1306",
      "id": "oled1",
      "top": 99.14,
      "left": 125.03,
      "attrs": { "i2cAddress": "0x3c" }
    }
  ],
  "connections": [
    [ "esp:TX", "$serialMonitor:RX", "", [] ],
    [ "esp:RX", "$serialMonitor:TX", "", [] ],
    [ "oled1:GND", "esp:GND.2", "black", [ "v0" ] ],
    [ "oled1:VCC", "esp:3V3", "red", [ "v-124.8", "h-201.45", "v57.6" ] ],
    [
      "oled1:SDA",
      "esp:21",
      "green",
      [ "v-19.2", "h48.07", "v115.2", "h-124.8", "v-105.6", "h0", "v-9.6" ]
    ],
    [ "oled1:SCL", "esp:22", "violet", [ "v-38.4", "h0.3", "v-9.6" ] ]
  ],
  "dependencies": {}
}